{
    "title": "分享新闻(本地图片)消息",
    "grouped": true,
    "controllerName": "QQAPIDemoCommonController",
    "sections":
    [
        {
            "elements":
            [
                {
                    "type": "QTextElement",
                    "text": "分享新闻(本地图片)消息"
                }
            ]
        },
        {
            "elements":
            [
                {
                    "type": "QEntryElement",
                    "keyboardType": "Default",
                    "title": "title",
                    "placeholder": "填入分享的标题",
                    "textValue": "定向分享标题",
                    "bind": "textValue:binding_title"
                },
                {
                    "type": "QEntryElement",
                    "keyboardType": "Default",
                    "title": "description",
                    "placeholder": "填入分享的描述",
                    "textValue": "定向分享描述",
                    "bind": "textValue:binding_description"
                },
                {
                    "type": "QEntryElement",
                    "keyboardType": "Default",
                    "title": "url",
                    "placeholder": "填入分享的URL链接",
                    "textValue": "http://www.163.com",
                    "bind": "textValue:binding_url"
                },
                {
                    "type": "QImageElement",
                    "title": "preview image",
                    "placeholder": "点击选择分享的图片",
                    "source": "photoLibrary",
                    "bind": "imageValue:binding_previewImage"
                }
            ]
        },
        {
            "elements":
            [
                {
                    "type": "QButtonElement",
                    "key": "shareBtn",
                    "title": "分享",
                    "controllerAction": "onShareNewsLocal:"
                }
            ]
        }
    ]
}
