{
    "grouped": true,
    "controllerName": "QQAPIDemoCommonController",
    "title": "手Q定向分享测试Demo",
    "key": "QQAPIDemo",
    "sections":
    [
        {
            "elements":
            [
                {
                    "type": "QBooleanElement",
                    "key": "kQQAPICtrlFlagQZoneShareOnStart",
                    "title": "直接拉起空间分享",
                    "boolValue": 0,
                    "controllerAction": "onSwitchCFlag:",
                    "object": {"flagValue": 1}
                },
                {
                    "type": "QBooleanElement",
                    "key": "kQQAPICtrlFlagQZoneShareForbid",
                    "title": "屏蔽空间分享入口",
                    "boolValue": 0,
                    "controllerAction": "onSwitchCFlag:",
                    "object": {"flagValue": 2}
                },
                {
                    "type": "QBooleanElement",
                    "key": "kQQAPICtrlFlagQQShareFavorites",
                    "title": "收藏",
                    "boolValue": 0,
                    "controllerAction": "onSwitchCFlag:",
                    "object": {"flagValue": 8}
                },
                {
                    "type": "QBooleanElement",
                    "key": "kQQAPICtrlFlagQQShareDataline",
                    "title": "数据线",
                    "boolValue": 0,
                    "controllerAction": "onSwitchCFlag:",
                    "object": {"flagValue": 16}
                }
            ]
        },
        {
            "elements":
            [
                {
                    "type": "QButtonElement",
                    "key": "shareTextBtn",
                    "title": "分享文本消息",
                    "grouped": true,
                    "controllerName": "QQAPIDemoCommonController",
                    "sections": [{}],
                    "object": {"jsonConfig": "QQAPI_ShareText"}
                },
                {
                    "type": "QButtonElement",
                    "key": "shareImageBtn",
                    "title": "分享图片消息",
                    "grouped": true,
                    "controllerName": "QQAPIDemoCommonController",
                    "sections": [{}],
                    "object": {"jsonConfig": "QQAPI_ShareImage"}
                },
                {
                    "type": "QButtonElement",
                    "key": "shareImageBtn",
                    "title": "分享图片消息(多图)",
                    "grouped": true,
                    "controllerName": "QQAPIDemoCommonController",
                    "sections": [{}],
                    "object": {"jsonConfig": "QQAPI_ShareMutileImage"}
                },
                {
                    "type": "QButtonElement",
                    "key": "shareNewsLocalBtn",
                    "title": "分享新闻(本地图片)消息",
                    "grouped": true,
                    "controllerName": "QQAPIDemoCommonController",
                    "sections": [{}],
                    "object": {"jsonConfig": "QQAPI_ShareNewsLocal"}
                },
                {
                    "type": "QButtonElement",
                    "key": "shareNewsWebBtn",
                    "title": "分享新闻(网络图片)消息",
                    "grouped": true,
                    "controllerName": "QQAPIDemoCommonController",
                    "sections": [{}],
                    "object": {"jsonConfig": "QQAPI_ShareNewsWeb"}
                },
                {
                    "type": "QButtonElement",
                    "key": "shareAudioBtn",
                    "title": "分享音频消息",
                    "grouped": true,
                    "controllerName": "QQAPIDemoCommonController",
                    "sections": [{}],
                    "object": {"jsonConfig": "QQAPI_ShareAudio"}
                },
                {
                    "type": "QButtonElement",
                    "key": "shareVideoBtn",
                    "title": "分享视频消息",
                    "grouped": true,
                    "controllerName": "QQAPIDemoCommonController",
                    "sections": [{}],
                    "object": {"jsonConfig": "QQAPI_ShareVideo"}
                },
                {
                    "type": "QButtonElement",
                    "key": "shareFileBtn",
                    "title": "分享文件消息",
                    "grouped": true,
                    "controllerName": "QQAPIDemoCommonController",
                    "sections": [{}],
                    "object": {"jsonConfig": "QQAPI_ShareFile"}
                }
            ]
        }
    ]
}
